epoch,steps,cosine_pearson,cosine_spearman,euclidean_pearson,euclidean_spearman,manhattan_pearson,manhattan_spearman,dot_pearson,dot_spearman
0,-1,0.8814977924660279,0.8797041015735688,0.8825179508990008,0.8795310601226485,0.8815723656252343,0.8787920172997642,0.8600946151592763,0.8553001056729957
1,-1,0.8900780340131775,0.8904138692097472,0.891758095217724,0.8883616688617684,0.8908622978799137,0.8873901726881687,0.8751472936120532,0.8706478649837821
2,-1,0.8924545856561822,0.8929326933660873,0.8935580008667192,0.8912485978163329,0.8926736746386639,0.8902609608375867,0.8752307924963219,0.8727206706149268
3,-1,0.89301122867605,0.894038209735612,0.8936298736301802,0.8917284862757326,0.8927893230142909,0.8908301388573718,0.8774764128468334,0.8751784086922147
